{
    "args": {
        "alpha": 0.99,
        "baseline_cost": 0.5,
        "batch_size": 8,
        "disable_checkpoint": false,
        "disable_cuda": false,
        "disable_use_embedding": false,
        "discounting": 0.99,
        "entropy_cost": 0.0005,
        "env": "MiniGrid-DoorKey-5x5-v0",
        "env_seed": 1,
        "epsilon": 0.01,
        "fix_seed": false,
        "generator_batch_size": 150,
        "generator_counts": 10,
        "generator_entropy_cost": 0.05,
        "generator_learning_rate": 0.002,
        "generator_loss_form": "threshold",
        "generator_maximum": 100,
        "generator_reward_coef": 1.0,
        "generator_reward_negative": -0.3,
        "generator_target": 5.0,
        "generator_threshold": 0.1,
        "goal_dim": 10,
        "inner": false,
        "intrinsic_reward_coef": 1.0,
        "learning_rate": 0.001,
        "load_module": "./5x5/1/model.tar",
        "mode": "train",
        "modify": true,
        "momentum": 0,
        "no_boundary_awareness": false,
        "no_extrinsic_rewards": false,
        "no_generator": false,
        "novelty": false,
        "novelty_bonus": 0.1,
        "novelty_coef": 0.3,
        "num_actors": 40,
        "num_buffers": null,
        "num_input_frames": 1,
        "num_lstm_layers": 1,
        "num_threads": 4,
        "random_agent": false,
        "restart_episode": false,
        "reward_clipping": "abs_one",
        "savedir": "./5x5",
        "state_embedding_dim": 256,
        "target_variance": 15.0,
        "total_frames": 10000000000,
        "unroll_length": 100,
        "use_lstm": false,
        "xpid": "2"
    },
    "date_end": null,
    "date_start": "2020-11-14 05:23:21.214818",
    "env": {
        "COLUMNS": "80",
        "CUDA_PKG_VERSION": "10-0=10.0.130-1",
        "CUDA_VERSION": "10.0.130",
        "CUDNN_VERSION": "7.6.2.24",
        "HOME": "/root",
        "HOSTNAME": "86017ea898a3",
        "JUPYTER_SERVER_ROOT": "/notebooks",
        "JUPYTER_SERVER_URL": "http://0.0.0.0\r:8888/",
        "KERNEL_LAUNCH_TIMEOUT": "40",
        "LANG": "C.UTF-8",
        "LD_LIBRARY_PATH": "/usr/local/nvidia/lib:/usr/local/nvidia/lib64",
        "LIBRARY_PATH": "/usr/local/cuda/lib64/stubs",
        "LINES": "25",
        "NCCL_VERSION": "2.4.7",
        "NVIDIA_DRIVER_CAPABILITIES": "compute,utility,video,graphics",
        "NVIDIA_REQUIRE_CUDA": "cuda>=10.0 brand=tesla,driver>=384,driver<385 brand=tesla,driver>=410,driver<411",
        "NVIDIA_VISIBLE_DEVICES": "all",
        "OLDPWD": "/notebooks/storage",
        "OMP_NUM_THREADS": "1",
        "PATH": "/usr/local/nvidia/bin:/usr/local/cuda/bin:/usr/local/sbin:/usr/local/bin:/usr/sbin:/usr/bin:/sbin:/bin",
        "PS_ARTIFACTS": "/notebooks",
        "PS_DATASETS": "/datasets",
        "PS_DOCKER_AGENT": "3038666233613861",
        "PS_HOME": "/notebooks",
        "PS_HOSTNAME": "psgv8jqp2",
        "PS_HOST_PRIVATE_IP_ADDRESS": "10.64.26.236",
        "PS_HOST_PUBLIC_IP_ADDRESS": "172.83.12.95",
        "PS_JOBSPACE": "/storage",
        "PS_JOB_ID": "jdg0nk5yxfaq9",
        "PS_JOB_RUNNER": "1",
        "PS_NOTEBOOK_HANDLE": "n0fgnm59",
        "PWD": "/notebooks/storage/adversarially-motivated-intrinsic-goals",
        "PYXTERM_DIMENSIONS": "80x25",
        "TERM": "xterm"
    },
    "git": {
        "branch": "master",
        "commit": "785c061477b61da3f138c6363926bb0a24351eee",
        "is_dirty": false,
        "path": "/storage/adversarially-motivated-intrinsic-goals/.git"
    },
    "slurm": null,
    "successful": false,
    "xpid": "2"
}